subject_num,iteration,c7_disp/cm,sa_disp/cm,time/s,accuracy/cm,parameter,cost
1,1,15.58,4.43,2.62,0.46,1,131.1
1,2,12.03,4.79,2.48,0.47,1.02,83.79
1,3,12.21,4.43,2.71,0.6,1.04,84.41
1,4,7.57,3.46,2.81,0.45,1.08,34.65
1,5,10.31,2.87,2.41,0.4,1.1,57.3
1,6,8.83,3.97,2.96,0.38,1.06,46.85
1,7,7.62,4.74,3.23,0.43,1,40.26
1,8,11.79,3.97,2.73,0.36,0.96,77.38
1,9,11.84,3.68,2.83,0.57,1.04,76.82
1,10,9.64,4.12,2.09,0.21,1.15,54.98
1,11,7.81,3.99,2.31,0.46,1.3,38.49
1,12,4.95,4.34,3.29,0.19,1.45,21.65
1,13,1.47,4.15,3.67,2.66,1.54,9.72
1,14,-0.25,4.03,3.08,0.38,1.57,8.14
1,15,1.03,4.97,3.15,0.38,1.59,12.89
1,16,0.34,5.19,2.4,1.06,1.62,13.51
1,17,0.44,3.83,2.72,0.52,1.67,7.41
1,18,0.98,4.1,3.02,0.46,1.72,8.89
1,19,-0.98,3.53,3.46,0.41,1.81,6.72
1,20,-1.37,4.37,2.29,1.87,1.86,10.51
1,21,-3.14,4.41,3.79,0.37,1.86,14.65
1,22,2.26,3.95,4.51,0.35,1.81,10.36
1,23,-4.56,3.05,3.04,0.28,1.74,15.04
1,24,0.93,3.38,4.16,0.28,1.68,6.16
1,25,0.49,3.13,4.04,0.38,1.65,5
1,26,-1.82,3.35,3.23,0.3,1.66,7.25
1,27,-3.53,4.43,2.96,0.54,1.69,16.04
1,28,-0.98,3.44,2.54,1.06,1.73,6.4
1,29,-3.33,3.49,2.84,0.32,1.7,11.67
1,30,-2.75,4.08,2.98,0.29,1.66,12.1
1,31,-0.49,4.28,2.88,0.36,1.57,9.29
1,32,-1.57,4.61,3.52,0.3,1.5,11.86
1,33,2.21,5.78,3.29,0.38,1.49,19.12
1,34,0.64,5.15,4.28,0.41,1.52,13.47
1,35,1.52,4.54,4.37,0.71,1.57,11.45
1,36,-2.31,4.3,3.01,0.38,1.61,11.91
1,37,1.96,4.95,3.62,0.51,1.62,14.19
1,38,0.64,3.92,2.56,0.35,1.59,7.88
1,39,0.34,5.24,3.34,0.19,1.54,13.79
1,40,-0.25,5.37,2.75,0.49,1.52,14.43
1,41,-0.98,3.66,2.07,0.41,1.53,7.18
1,42,1.52,3.09,3.12,0.44,1.59,5.93
1,43,3.33,4.37,2.56,0.39,1.67,15.13
1,44,-1.67,3.77,2.47,0.28,1.73,8.5
1,45,0.79,3.14,3.25,0.51,1.74,5.25
1,46,0,5.08,2.7,0.41,1.7,12.9
1,47,1.67,3.44,2.78,0.35,1.64,7.31
1,48,0.59,4.21,2.24,0.33,1.6,9.03
1,49,1.72,4.37,2.91,0.29,1.6,11.04
1,50,1.67,4.88,2.62,0.32,1.64,13.31
1,51,2.6,3.6,2.44,0.53,1.7,9.88
1,52,1.28,3.31,6.56,0.24,1.73,6.29
1,53,12.31,5.21,3.72,0.38,1.73,89.31
1,54,1.08,2.33,4.05,1.07,1.7,3.29
1,55,4.22,4.15,3.04,0.34,1.64,17.52
1,56,1.08,4.63,3.12,0.34,1.57,11.29
1,57,-1.82,5.44,2.33,0.3,1.53,16.43
1,58,-0.79,5.35,2.68,0.63,1.54,14.61
1,59,-0.34,5.42,2.2,0.18,1.55,14.75
1,60,7.57,3.79,2.68,0.51,1.55,35.85
1,61,0.59,4.01,3.51,0.38,1.51,8.21
1,62,2.21,5.08,2.6,0.31,1.43,15.34
1,63,4.51,5.04,3.36,0.7,1.33,22.88
1,64,3.63,5.97,3.34,0.43,1.26,24.41
1,65,8.92,3.92,3.99,0.45,1.25,47.49
1,66,5.05,4.25,3.22,0.22,1.28,21.74
1,67,5,5.01,2.71,0.36,1.34,25.02
1,68,3.04,5.58,3.36,0.41,1.4,20.19
1,69,2.85,5.12,3.23,0.58,1.43,17.13
1,70,2.99,4.17,2.88,0.34,1.41,13.18
1,71,4.51,5.42,2.94,0.4,1.39,24.85
1,72,3.87,6.13,2.43,0.46,1.39,26.28
1,73,3.97,4.28,3.29,0.36,1.43,17.05
1,74,4.22,5.22,2.52,0.27,1.51,22.52
1,75,2.55,4.46,2.68,0.42,1.61,13.22
1,76,0.39,3.24,2.82,0.45,1.68,5.31
1,77,0.1,4.9,2.64,0.27,1.71,12.01
1,78,3.04,4.08,2.6,0.42,1.69,12.95
1,79,-0.2,4.5,2.97,0.49,1.65,10.15
1,80,0.59,4.85,2.08,0.11,1.62,11.91
2,1,21.97,2.09,3.85,0.37,1,243.56
2,2,23.42,4.03,3.64,0.11,1,282.38
2,3,22.58,2.85,3.83,0.26,0.93,259.04
2,4,22.82,4.16,3.72,0.26,0.9,268.93
2,5,20.78,3.28,3.98,0.12,0.9,221.37
2,6,19.19,3.77,4.1,0.23,0.85,191.32
2,7,19.92,3.97,4.17,0.37,0.8,206.26
2,8,21.02,3.69,4.53,0.3,0.8,227.78
2,9,19.97,3.13,4.93,0.24,0.81,204.26
2,10,20.3,3.9,3.55,0.42,0.94,213.76
2,11,15.74,3.21,4,0.32,1.11,129.04
2,12,13.88,3.09,3.15,0.23,1.34,101.03
2,13,10.19,2.74,2.99,0.23,1.52,55.64
2,14,7.9,2.76,3.46,0.35,1.63,35.02
2,15,7.12,2.59,3.84,0.26,1.72,28.67
2,16,6.33,2.11,4.41,0.38,1.84,22.27
2,17,6.59,2.85,3.89,0.32,1.97,25.79
2,18,6.44,3.32,4.16,0.13,2.12,26.23
2,19,6.12,3.45,4.69,0.24,2.27,24.69
2,20,3.44,3.43,5.72,0.21,2.38,11.79
2,21,3.75,4.03,8.64,0.06,2.42,15.16
2,22,-4.28,1.96,5.11,0.35,2.4,11.08
2,23,9.15,4.54,4.77,0.21,2.35,52.18
2,24,2.43,3.75,4.66,0.06,2.31,10
2,25,4.7,4.54,4.17,0.32,2.31,21.36
2,26,2.43,4.05,5.28,0.45,2.35,11.17
2,27,2.12,3.88,4.22,0.23,2.41,9.77
2,28,1.22,3.99,4.61,0.34,2.45,8.69
2,29,1.96,4.07,6.13,0.08,2.43,10.21
2,30,0.58,3.6,4.46,0.14,2.36,6.66
2,31,2.91,4.14,5.84,0.25,2.27,12.79
2,32,0.48,3.47,5.74,0.33,2.19,6.14
2,33,3.81,4.52,5.19,0.33,2.17,17.46
2,34,2.54,4.03,6.06,0.39,2.18,11.34
2,35,1.8,3.92,5.92,0.25,2.22,9.31
2,36,0.05,3.58,5.67,0.25,2.25,6.41
2,37,3.38,4.2,6.28,0.29,2.24,14.55
2,38,0.63,3.67,5,0.27,2.2,6.92
2,39,2.59,3.75,5.21,0.24,2.14,10.4
2,40,4.17,4.31,4.55,0.08,2.1,17.99
2,41,4.54,4.07,4.17,0.32,2.11,18.61
2,42,9.98,4.54,3.7,0.08,2.16,60.11
2,43,9.77,4.31,4.36,0.15,2.22,57.03
2,44,5.91,4.33,4.43,0.42,2.26,26.84
2,45,5.39,3.99,3.76,0.62,2.26,22.45
2,46,3.38,3.71,4.25,0.32,2.22,12.6
2,47,7.48,4.26,4.22,0.3,2.16,37.09
2,48,10.34,4.39,4.42,0.3,2.12,63.13
2,49,7.38,3.09,4.42,0.23,2.15,31.98
2,50,4.39,3.13,4.57,0.37,2.22,14.51
2,51,4.86,3.54,4.37,0.4,2.34,18.06
2,52,4.28,3.9,4.23,0.36,2.46,16.77
2,53,4.81,3.99,5.48,0.29,2.53,19.5
2,54,3.07,4.09,5.09,0.19,2.54,13.08
2,55,0.95,3.73,5.74,0.25,2.54,7.41
2,56,0.63,3.45,4.9,0.37,2.54,6.16
2,57,1.48,3.58,5.57,0.37,2.56,7.51
2,58,-0.58,3.15,5.27,0.11,2.6,5.13
2,59,0.48,3.52,6.27,0.28,2.6,6.29
2,60,-1.48,3.15,5.36,0.23,2.6,6.06
2,61,0.85,3.82,6.38,0.08,2.6,7.64
2,62,0.53,3.45,4.88,0.39,2.6,6.1
2,63,0.74,3.73,5.47,0.23,2.54,7.23
2,64,0.37,4.07,4.06,0.23,2.46,8.36
2,65,2.54,3.43,4.85,0.3,2.44,9.1
2,66,4.54,3.99,5.69,0.34,2.46,18.27
2,67,-1.9,3.21,4.97,0.17,2.49,6.98
2,68,4.12,4.05,5.65,0.28,2.51,16.7
2,69,3.65,4.2,6.15,0.27,2.5,15.47
2,70,-0.63,3.11,4.74,0.32,2.45,5.03
2,71,3.96,4.2,5.35,0.32,2.37,16.68
2,72,2.12,3.9,6.15,0.34,2.33,9.85
2,73,1.01,3.58,5.53,0.33,2.33,6.91
2,74,2.38,3.54,4.59,0.25,2.38,9.09
2,75,2.43,4.12,6.68,0.42,2.44,11.43
2,76,-2.17,3.19,5.05,0.33,2.5,7.45
2,77,1.96,4.03,5.64,0.14,2.51,10.04
2,78,0.26,3.32,4.51,0.24,2.47,5.55
2,79,2.33,3.58,4.19,0.36,2.42,9.12
2,80,5.12,3.84,4.68,0.16,2.38,20.48
3,1,16.54,5.54,5.95,0.28,1,152.04
3,2,12.84,6.83,4.12,0.32,1.02,105.69
3,3,12.25,11.7,3.42,0.8,1.02,143.51
3,4,11.99,6.11,3.85,0.27,1.04,90.53
3,5,12.04,6.63,3.91,0.44,1.04,94.53
3,6,13.47,6.26,3.76,0.29,1,110.3
3,7,13.52,6.58,4.27,0.26,0.94,113.01
3,8,12.78,4.19,4.25,0.42,0.9,90.49
3,9,13.05,5.75,3.89,0.43,0.97,101.65
3,10,10.98,6.56,3,0.2,1.09,81.79
3,11,9.22,7.18,3.27,0.37,1.24,68.24
3,12,8.63,6.11,3.86,0.42,1.37,55.88
3,13,6.58,5.46,2.76,0.21,1.45,36.53
3,14,6.8,5.22,3.71,0.39,1.47,36.71
3,15,7.39,5.3,3.64,0.29,1.47,41.34
3,16,6.36,5.22,3.48,0.35,1.48,33.86
3,17,8.2,4.68,3.22,0.29,1.51,44.55
3,18,4.47,5.06,3.4,0.24,1.55,22.76
3,19,5.66,4.9,3.21,0.44,1.64,28.01
3,20,5.5,5.02,3.59,0.43,1.69,27.7
3,21,3.32,4.52,3.13,0.5,1.69,15.72
3,22,4.3,5.65,3.64,0.41,1.65,25.24
3,23,6.31,4.15,2.78,0.36,1.58,28.53
3,24,4.58,5.89,3.11,0.71,1.52,27.82
3,25,4.3,5.99,3.3,0.38,1.51,27.2
3,26,3.38,6.83,2.91,0.61,1.54,29.02
3,27,2.56,6.13,3.14,0.47,1.59,22.05
3,28,2.73,6.09,2.98,0.47,1.62,22.24
3,29,4.03,5.95,3.36,0.38,1.61,25.83
3,30,2.89,5.32,2.65,0.43,1.56,18.31
3,31,3.76,5.32,2.85,0.93,1.49,21.2
3,32,5.88,6.07,3.27,0.29,1.44,35.68
3,33,6.63,6.05,2.99,0.46,1.44,40.3
3,34,5.33,5.85,3.1,0.4,1.48,31.35
3,35,7.39,6.71,3.15,0.58,1.54,49.84
3,36,4.47,5.26,2.88,0.53,1.59,23.79
3,37,3.38,5.1,2.73,0.26,1.59,18.7
3,38,5.01,5.12,2.31,0.36,1.55,25.64
3,39,5.44,5.24,2.72,0.43,1.49,28.53
3,40,4.85,6.56,2.38,0.27,1.45,33.24
3,41,3.38,5.63,3.67,0.49,1.47,21.58
3,42,5.39,4.7,2.68,0.26,1.53,25.55
3,43,4.79,5.12,2.95,0.28,1.62,24.58
3,44,5.01,5.18,3.28,0.36,1.69,25.95
3,45,1.96,3.87,3.12,0.4,1.71,9.41
3,46,1.91,4.94,2.45,0.4,1.69,14.01
3,47,0.76,4.25,2.82,0.54,1.63,9.34
3,48,1.42,4.94,2.94,0.36,1.6,13.2
3,49,2.45,4.48,2.45,0.55,1.6,13.03
3,50,0.44,4.78,2.79,0.51,1.64,11.51
3,51,-0.33,5.34,2.8,0.49,1.7,14.29
3,52,-0.65,4.72,2.42,0.49,1.74,11.34
3,53,-0.33,6.03,2.05,1.48,1.74,18.23
3,54,-1.74,5.06,3.3,0.36,1.69,14.31
3,55,0.49,6.24,3.14,0.36,1.63,19.62
3,56,0.93,5.85,3.01,0.33,1.59,17.55
3,57,1.25,4.84,2.82,0.39,1.58,12.49
3,58,0.98,4.44,2.94,0.37,1.63,10.32
3,59,1.04,4.86,2.83,0.46,1.69,12.33
3,60,0.65,3.63,2.67,0.24,1.73,6.79
3,61,0.87,3.75,2.82,0.7,1.73,7.4
3,62,1.04,5.12,2.82,0.44,1.69,13.63
3,63,-0.22,4.88,2.59,0.36,1.63,11.92
3,64,0.44,4.72,2.7,0.29,1.59,11.22
3,65,0.11,4.7,2.75,0.44,1.59,11.04
3,66,0.98,5.87,2.74,0.36,1.63,17.72
3,67,0.11,5.93,1.98,1.02,1.69,17.59
3,68,-0.44,4.19,3.06,0.88,1.73,8.89
3,69,-0.55,5.18,3.55,0.47,1.73,13.55
3,70,-0.76,4.9,2.75,0.43,1.69,12.28
3,71,1.91,5.12,2.85,0.21,1.63,14.92
3,72,-0.22,5.22,3.18,0.43,1.59,13.63
3,73,1.15,5.36,3.04,0.51,1.59,15
3,74,-0.05,4.13,3.23,0.38,1.63,8.54
3,75,1.09,4.72,3.41,0.3,1.7,11.72
3,76,1.91,5.14,2.47,0.48,1.75,15.02
3,77,0.16,4.11,3.01,0.21,1.75,8.47
3,78,0.55,4.31,2.29,0.19,1.71,9.46
3,79,-1.04,4.96,3.5,0.36,1.65,12.83
3,80,2.89,4.29,2.97,0.31,1.61,13.39
4,1,15.4,4.24,2.15,0.3,1,127.5
4,2,15.35,5.27,1.55,0.37,1.02,131.64
4,3,18.01,5.43,1.71,0.3,1.02,176.88
4,4,18.11,4.91,1.54,0.38,1.01,175.97
4,5,18.5,3.59,1.84,0.49,0.98,177.65
4,6,19.83,4.28,1.77,0.32,0.94,205.82
4,7,16.86,4.96,1.65,0.6,0.88,154.44
4,8,18.65,5.37,2.13,0.45,0.84,188.38
4,9,18.9,4.53,2.12,0.31,0.85,188.88
4,10,19.2,4.24,1.9,0.34,0.91,193.21
4,11,17.11,5.25,2.1,0.36,0.98,160.18
4,12,16.56,4.67,1.36,0.43,1.07,147.99
4,13,16.66,4.98,1.83,0.19,1.11,151.17
4,14,14.63,5.23,1.6,0.3,1.12,120.76
4,15,15.29,5.41,1.5,0.24,1.1,131.59
4,16,13.97,5.27,1.53,0.32,1.11,111.46
4,17,15.19,4.67,1.52,0.32,1.16,126.32
4,18,13.51,4.94,1.54,0.36,1.24,103.43
4,19,13.51,4.61,3.01,0.42,1.33,101.85
4,20,13.97,4.36,1.92,0.39,1.41,107.05
4,21,13.97,4.55,1.65,0.32,1.43,107.92
4,22,13.2,3.96,1.84,0.27,1.41,94.95
4,23,15.09,4.67,1.68,0.5,1.37,124.78
4,24,12.94,4.96,1.67,0.32,1.33,96.04
4,25,13.87,4.5,1.45,0.45,1.33,106.23
4,26,11.44,4.65,1.85,0.48,1.37,76.24
4,27,10.92,4.3,3.5,0.29,1.43,68.85
4,28,12.42,4.55,2.34,0.51,1.49,87.54
4,29,11.85,3.87,2.1,0.39,1.48,77.73
4,30,13.09,4.98,1.61,0.36,1.44,98.15
4,31,12.68,3.71,1.81,0.34,1.39,87.29
4,32,15.7,3.96,1.55,0.28,1.34,131.1
4,33,14.84,4.14,1.64,0.4,1.33,118.64
4,34,13.45,4.91,1.48,0.3,1.37,102.55
4,35,11.54,5.14,1.71,0.29,1.43,79.82
4,36,11.91,5.27,1.29,2.46,1.49,84.78
4,37,11.28,4.18,2.36,0.38,1.51,72.39
4,38,10.97,5.04,1.84,0.43,1.49,72.88
4,39,8.3,5.45,1.59,0.34,1.45,49.27
4,40,10.61,5.22,1.64,0.49,1.43,69.84
4,41,11.49,5.25,1.63,0.32,1.44,79.82
4,42,12.53,5.83,1.8,0.45,1.48,95.47
4,43,12.63,5.29,1.78,0.42,1.53,93.77
4,44,11.59,5.49,1.64,0.51,1.56,82.27
4,45,7.61,5.14,1.57,0.31,1.56,42.17
4,46,7.61,4.71,1.77,0.3,1.52,40.07
4,47,9.09,5.39,1.84,0.24,1.43,55.81
4,48,8.3,4.77,1.49,0.3,1.39,45.8
4,49,12.22,5.74,1.49,0.41,1.4,91.08
4,50,11.54,4.87,1.62,0.38,1.45,78.46
4,51,8.93,5.64,1.25,1,1.52,55.77
4,52,10.97,5.14,2.08,0.36,1.6,73.38
4,53,11.49,4.46,1.97,0.57,1.65,75.95
4,54,8.46,4.51,1.72,0.13,1.65,45.94
4,55,11.49,4.75,1.98,0.38,1.64,77.3
4,56,8.19,4.2,1.68,0.19,1.65,42.38
4,57,8.25,4.08,1.46,0.45,1.69,42.33
4,58,8.3,4.51,1.22,0.22,1.73,44.62
4,59,7.08,4.36,1.12,0.69,1.79,34.59
4,60,7.61,4.14,1.66,0.43,1.86,37.55
4,61,5.07,4.36,1.48,0.48,1.87,22.34
4,62,6.08,4.16,1.69,0.32,1.83,27.13
4,63,6.66,4.79,1.78,0.44,1.77,33.65
4,64,7.45,4.57,1.67,0.53,1.72,38.24
4,65,8.72,4.36,1.61,0.16,1.71,47.51
4,66,7.67,4.2,1.6,0.34,1.74,38.2
4,67,7.93,4.55,1.67,0.3,1.79,41.8
4,68,8.14,4.5,1.44,0.11,1.83,43.23
4,69,6.93,4.59,1.83,0.36,1.83,34.53
4,70,7.72,4.38,1.64,0.45,1.79,39.37
4,71,7.93,4.32,1.62,0.4,1.73,40.76
4,72,5.87,4.4,1.76,0.46,1.68,26.87
4,73,9.14,4.36,1.75,0.34,1.68,51.26
4,74,9.3,4.94,1.61,0.29,1.72,55.44
4,75,8.93,4.5,1.3,1.19,1.78,49.97
4,76,7.4,4.44,1.38,0.45,1.82,37.23
4,77,8.35,3.77,1.63,0.34,1.82,41.96
4,78,6.45,3.95,1.5,0.34,1.78,28.57
4,79,6.61,5.16,1.73,0.33,1.72,35.13
4,80,7.72,4.53,2.02,0.19,1.68,40.06
5,1,13.47,4.31,3.2,0.41,1,99.94
5,2,12.39,4.98,4.82,0.37,1.03,89.17
5,3,8.2,2.12,2.84,0.36,1.04,35.91
5,4,6.63,2.52,3.32,0.29,1.09,25.19
5,5,7.24,3.71,2.39,0.39,1.12,33.05
5,6,3.75,5.79,2.68,0.24,1.1,23.76
5,7,5.38,5.91,2.19,0.39,1.09,31.91
5,8,3,4.79,2.19,0.23,1.13,15.97
5,9,2.63,5.16,2.5,0.7,1.2,16.76
5,10,1.78,3.66,2.99,0.23,1.31,8.29
5,11,2.81,4.21,2.44,0.42,1.45,12.83
5,12,1.22,3.34,2.48,0.29,1.56,6.33
5,13,1.03,5.44,2.78,0.44,1.61,15.31
5,14,-2.34,3.85,3.06,0.4,1.61,10.16
5,15,0.05,3.55,2.69,0.3,1.58,6.3
5,16,0.23,4.81,2.23,0.38,1.55,11.58
5,17,-0.84,3.18,3.2,0.3,1.55,5.42
5,18,-0.61,4.26,2.63,0.21,1.59,9.26
5,19,-0.42,3.23,3.48,0.29,1.65,5.31
5,20,-0.89,2.75,2.52,0.38,1.69,4.18
5,21,-0.47,2.86,3.22,0.36,1.67,4.21
5,22,1.83,3.91,2.46,0.29,1.6,9.33
5,23,1.17,3.71,2.72,0.26,1.51,7.56
5,24,3.61,4.54,2.83,0.27,1.45,16.82
5,25,1.45,2.23,3.96,0.37,1.43,3.55
5,26,1.64,2.01,2.88,0.23,1.46,3.36
5,27,0.94,2.46,2.83,0.24,1.51,3.46
5,28,0.7,1.97,3.11,0.24,1.55,2.2
5,29,0.56,2.23,2.9,0.34,1.55,2.65
5,30,-0.42,1.76,3.48,0.27,1.51,1.64
5,31,0.7,2.23,2.78,0.3,1.45,2.74
5,32,-0.09,1.7,3.07,0.34,1.41,1.45
5,33,0.23,1.96,3.15,0.39,1.41,1.94
5,34,4.21,3.99,2.18,0.24,1.46,16.85
5,35,0.98,3.66,2.65,0.23,1.52,7.18
5,36,-0.09,2.44,2.96,0.36,1.56,2.99
5,37,1.41,3.04,2.53,0.3,1.56,5.61
5,38,-0.94,1.8,4.97,0.27,1.52,2.05
5,39,3.98,4.1,4.1,0.32,1.46,16.34
5,40,-2.81,1.65,3.29,0.29,1.42,5.31
5,41,-0.28,2.54,2.91,0.44,1.43,3.27
5,42,5.24,3.87,2.68,0.46,1.47,21.21
5,43,1.31,4.29,2.66,0.37,1.53,10.07
5,44,-0.8,2.72,2.59,0.37,1.57,4.01
5,45,0.7,2.73,2.45,0.32,1.57,3.98
5,46,0.89,3.31,2.68,0.21,1.53,5.88
5,47,0.09,3.36,2.75,0.21,1.47,5.64
5,48,0.56,3.17,2.37,0.2,1.43,5.17
5,49,0.89,3.91,3.45,0.27,1.43,8.06
5,50,0.42,3.33,2.6,0.37,1.48,5.62
5,51,0.94,2.78,3.08,0.19,1.55,4.31
5,52,-0.23,2.52,4.53,0.35,1.6,3.21
5,53,2.81,3.57,2.53,0.24,1.6,10.31
5,54,2.16,4.31,2.79,0.27,1.57,11.6
5,55,1.31,5.21,2.89,0.39,1.52,14.42
5,56,0.98,3.36,2.77,0.22,1.48,6.12
5,57,0.94,3.2,3.73,0.36,1.48,5.56
5,58,12.12,3.31,2.72,0.14,1.53,78.96
5,59,-0.94,3.5,3.25,0.39,1.59,6.57
5,60,5.89,4.37,2.93,0.36,1.63,26.9
5,61,6.54,3.23,3.07,0.31,1.63,26.61
5,62,1.22,2.54,3.84,0.34,1.59,3.97
5,63,0.56,2.8,2.68,0.35,1.51,4.07
5,64,-0.09,3.28,4.31,0.34,1.46,5.38
5,65,5.24,3.02,2.98,0.27,1.46,18.3
5,66,0.19,2.2,2.69,0.23,1.51,2.44
5,67,-0.42,2.59,2.64,0.32,1.57,3.44
5,68,-0.38,1.58,2.63,0.27,1.63,1.33
5,69,0.56,2.2,2.35,0.33,1.65,2.58
5,70,1.17,1.86,2.35,0.35,1.63,2.42
5,71,-0.56,2.01,2.39,0.32,1.59,2.17
5,72,1.41,2.83,6.16,0.38,1.58,4.99
5,73,2.3,2.1,2.85,0.42,1.6,4.85
5,74,2.3,3.09,3.1,0.46,1.66,7.4
5,75,1.22,2.43,2.12,0.3,1.74,3.69
5,76,-1.36,2.86,3.61,0.42,1.79,5.02
5,77,-1.08,2.88,2.58,0.28,1.8,4.72
5,78,0,3.5,3.22,0.4,1.77,6.13
5,79,1.31,2.85,2.97,0.24,1.71,4.91
5,80,2.25,3.05,2.7,0.34,1.67,7.2
6,1,10.31,2.64,4.37,0.42,1,56.66
6,2,12.12,2.3,4.8,0.21,1.03,76.12
6,3,9.17,2.84,3.78,0.43,1.06,46.08
6,4,12.21,2.38,3.7,0.31,1.09,77.4
6,5,11.58,2.86,3.74,0.12,1.08,71.16
6,6,10.36,2.22,4.91,0.45,1.04,56.1
6,7,9.9,1.69,4.55,0.33,0.98,50.44
6,8,11.4,2.25,3.47,0.16,0.94,67.53
6,9,11.08,2.88,3.87,0.24,0.96,65.56
6,10,7.51,2.22,3.49,0.42,1.01,30.69
6,11,9.81,2.1,3.69,0.3,1.09,50.31
6,12,7.84,2.36,3.7,0.41,1.17,33.49
6,13,12.48,2.75,4.65,0.32,1.2,81.69
6,14,10.77,2.1,3.41,0.3,1.2,60.15
6,15,11.27,2.08,3.34,0.4,1.19,65.62
6,16,10.4,2.22,2.99,0.22,1.17,56.57
6,17,11.27,2,5.65,0.41,1.19,65.46
6,18,10.36,1.63,3.17,0.55,1.23,54.96
6,19,10.77,2.35,3.46,0.53,1.29,60.71
6,20,9.95,2.08,3.88,0.47,1.33,51.64
6,21,5.24,3.03,4.91,0.48,1.31,18.32
6,22,8.16,3.32,4.1,0.51,1.27,38.81
6,23,7.65,2,4.79,0.23,1.18,31.28
6,24,8.39,1.85,3.98,0.45,1.14,36.89
6,25,12.89,3.17,5.68,1.23,1.12,88.04
6,26,8.39,1.07,7.09,0.4,1.14,35.76
6,27,3.79,2.58,5.8,0.4,1.19,10.53
6,28,5.94,2.58,7.06,0.47,1.27,20.96
6,29,5.05,2.91,7.87,0.19,1.31,17
6,30,5.43,2.84,6.1,0.34,1.3,18.77
6,31,9.03,2.61,6.82,0.49,1.3,44.2
6,32,5.43,1.55,5.29,0.37,1.34,15.92
6,33,4.31,1.99,7.22,0.32,1.4,11.25
6,34,5.05,1.78,5.82,0.28,1.44,14.36
6,35,2.53,2.05,4.79,0.34,1.56,5.3
6,36,1.03,1.55,4.03,0.25,1.64,1.73
6,37,-0.19,0.85,4.45,0.34,1.66,0.38
6,38,0.98,1.85,3.55,0.32,1.63,2.19
6,39,1.31,1.94,4.82,0.29,1.58,2.74
6,40,1.5,1.61,3.94,0.28,1.53,2.42
6,41,2.58,1.96,3.75,0.29,1.51,5.24
6,42,2.48,2.21,4.42,0.34,1.54,5.52
6,43,2.3,2,5.41,0.53,1.58,4.64
6,44,0.33,2.28,3.8,0.11,1.59,2.66
6,45,2.11,1.53,4.79,0.2,1.57,3.4
6,46,2.48,2.46,4.53,0.45,1.5,6.1
6,47,2.3,1.67,4.73,0.08,1.42,4.04
6,48,1.03,1.7,3.75,0.38,1.36,1.98
6,49,4.73,2.7,3.91,0.37,1.35,14.83
6,50,3.75,2.11,3.74,0.27,1.38,9.25
6,51,4.07,2.03,4.34,0.26,1.43,10.37
6,52,6.36,3.01,4.59,0.36,1.47,24.74
6,53,1.83,2.42,5.13,0.44,1.47,4.61
6,54,2.25,2.19,3.98,0.27,1.43,4.93
6,55,1.13,2.28,5.17,0.31,1.37,3.24
6,56,0.98,3.32,5.27,0.3,1.32,6.01
6,57,-0.8,3.17,4.54,0.33,1.32,5.34
6,58,4.87,3.83,3.31,0.27,1.37,19.18
6,59,6.82,2.25,4.76,0.38,1.43,25.79
6,60,7.51,2.8,5.11,0.27,1.47,32.14
6,61,4.59,2.74,4.25,0.26,1.47,14.27
6,62,3.23,2.5,4.37,0.36,1.43,8.36
6,63,1.97,2.67,3.81,0.36,1.35,5.51
6,64,5.89,2.61,4.65,0.41,1.3,20.76
6,65,3.89,2.89,4.2,0.29,1.29,11.74
6,66,3.79,2.75,5.27,0.41,1.33,10.98
6,67,1.59,2.95,3.85,0.35,1.39,5.63
6,68,1.74,2.35,3.58,0.26,1.45,4.26
6,69,2.02,1.97,4.87,0.36,1.46,3.97
6,70,2.53,2.72,4.51,0.45,1.44,6.9
6,71,1.08,2.36,4.08,0.31,1.4,3.37
6,72,2.63,2.1,3.87,0.27,1.38,5.64
6,73,1.5,2.64,4.02,0.39,1.4,4.62
6,74,2.67,1.67,4.02,0.36,1.46,4.97
6,75,1.03,2.39,3.63,0.36,1.54,3.4
6,76,0.42,1.77,2.4,0.96,1.59,1.65
6,77,1.97,1.17,4.43,0.36,1.6,2.62
6,78,1.27,1.77,5.02,0.27,1.56,2.36
6,79,0.7,2.42,5.26,0.27,1.51,3.19
6,80,0.05,2.06,4.77,0.35,1.46,2.13
7,1,10.12,2.79,5.5,0.41,1,55.14
7,2,12.12,3.58,4.68,0.34,1.03,79.87
7,3,10.17,3.96,4.56,0.43,1.06,59.54
7,4,10.6,4.03,4.48,0.46,1.08,64.3
7,5,9.6,3.45,5.74,0.31,1.08,52
7,6,10.17,3.13,4.45,0.46,1.04,56.63
7,7,8.88,4.31,4.53,0.38,0.98,48.66
7,8,10.79,4.77,5.42,0.43,0.93,69.59
7,9,12.26,3.43,4.15,0.51,0.96,81.07
7,10,12.97,2.87,4.37,0.44,1.03,88.21
7,11,15.48,3.92,4.13,0.29,1.11,127.54
7,12,12.03,3.02,3.82,0.32,1.17,76.87
7,13,10.98,2.7,4.16,0.46,1.17,63.94
7,14,7.96,1.72,4.01,0.49,1.13,33.15
7,15,8.44,3.34,3.94,0.49,1.07,41.21
7,16,14,2.27,4.19,0.34,1.03,100.55
7,17,12.69,4.18,3.94,0.41,1.05,89.2
7,18,11.84,3.56,4.08,0.3,1.12,76.4
7,19,12.26,3.64,3.45,0.36,1.21,81.8
7,20,8.83,3.41,3.19,0.44,1.32,44.79
7,21,8.78,2.11,3.42,0.44,1.39,40.77
7,22,6.89,2.28,3.22,0.81,1.41,26.37
7,23,6.17,1.79,3.16,0.34,1.42,20.61
7,24,2.45,1.92,3.23,0.34,1.45,4.86
7,25,1.91,1.41,2.81,0.38,1.5,2.83
7,26,0,1.56,2.88,0.3,1.59,1.22
7,27,-0.83,0.92,3.82,0.26,1.69,0.77
7,28,4.61,2.93,3.09,0.29,1.77,14.89
7,29,2.11,2.32,3.13,0.38,1.78,4.92
7,30,2.75,2.21,3.26,0.27,1.74,6.21
7,31,4.8,2.66,3.18,0.4,1.67,15.07
7,32,2.4,2.7,3.39,0.36,1.62,6.53
7,33,-0.2,2.3,3.01,0.34,1.6,2.67
7,34,1.67,3.19,3.1,0.42,1.62,6.48
7,35,0.44,2.68,3.01,0.34,1.68,3.69
7,36,1.62,2.68,2.91,0.51,1.72,4.91
7,37,0.44,2.23,2.97,0.36,1.7,2.58
7,38,4.36,2.4,3.43,0.5,1.63,12.39
7,39,-0.49,1.66,3.51,0.39,1.56,1.5
7,40,3.19,2.3,2.86,0.31,1.5,7.73
7,41,3.14,2.57,3.06,0.35,1.48,8.22
7,42,3.87,2.04,3.13,0.28,1.52,9.58
7,43,0,0.99,3.09,0.29,1.57,0.49
7,44,1.13,1.91,2.53,0.24,1.61,2.45
7,45,1.62,1.81,2.49,0.35,1.61,2.95
7,46,3.78,1.85,2.91,0.41,1.57,8.83
7,47,8.01,1.77,2.17,0.36,1.52,33.63
7,48,4.12,1.56,2.59,0.37,1.48,9.7
7,49,5.24,1.79,2.83,0.19,1.48,15.34
7,50,3.97,2.78,2.55,0.33,1.52,11.74
7,51,4.02,2.17,2.71,0.3,1.6,10.44
7,52,1.77,2.38,2.43,0.34,1.67,4.39
7,53,3.48,2.53,2.57,0.38,1.69,9.26
7,54,1.08,2.79,2.68,0.29,1.65,4.49
7,55,-0.05,2.55,2.15,0.58,1.6,3.25
7,56,-0.34,1.51,2.93,0.36,1.56,1.19
7,57,1.72,2.15,2.47,0.24,1.55,3.79
7,58,2.45,2.23,3.04,0.41,1.59,5.49
7,59,1.28,1.75,2.37,0.39,1.64,2.35
7,60,0.88,2.02,2.52,0.31,1.67,2.43
7,61,2.21,2.45,2.93,0.33,1.65,5.45
7,62,7.81,3.69,3.9,1.83,1.6,37.36
7,63,3.78,0.71,3.57,0.34,1.54,7.38
7,64,6.99,2.06,3.06,0.41,1.5,26.55
7,65,2.26,1.7,3.43,0.26,1.5,3.99
7,66,3.97,2.11,2.87,0.26,1.54,10.12
7,67,3.58,1.92,2.7,0.44,1.61,8.26
7,68,-1.47,1.37,2.82,0.36,1.65,2.03
7,69,-0.49,3.06,2.99,0.49,1.65,4.8
7,70,0.25,2.49,3.3,0.34,1.61,3.14
7,71,-1.08,2.49,2.75,0.43,1.54,3.69
7,72,-2.36,2.42,3.59,0.22,1.49,5.69
7,73,5.83,3.58,5.3,0.32,1.49,23.38
7,74,2.21,3.1,3.48,0.38,1.52,7.23
7,75,-0.15,2.13,2.83,0.42,1.57,2.29
7,76,-0.25,2.51,3.22,0.03,1.62,3.18
7,77,3.04,3.02,2.88,0.41,1.63,9.18
7,78,-0.34,1.98,3.43,0.24,1.59,2.02
7,79,1.57,2.91,4.02,0.34,1.54,5.46
7,80,5.14,2.76,2.89,0.32,1.51,17.02
8,1,10.67,3.64,2.63,0.35,1,63.58
8,2,11.52,3.27,2.98,0.4,1.03,71.7
8,3,9.42,2.99,3.22,0.08,1.06,48.84
8,4,11.07,2.47,2.37,0.23,1.09,64.35
8,5,7.66,2.97,2.37,0.1,1.09,33.72
8,6,9.12,1.94,4.67,0.25,1.05,43.46
8,7,8.21,3.1,2.43,0.1,0.99,38.51
8,8,10.87,2.94,2.32,0.26,0.95,63.41
8,9,12.51,1.78,2.56,0.24,0.98,79.84
8,10,11.27,2.63,2.09,0.28,1.05,66.99
8,11,8.67,2.56,2.35,0.19,1.14,40.83
8,12,8.41,2.12,1.76,0.08,1.25,37.64
8,13,8.11,2.05,1.75,0.21,1.31,34.99
8,14,8.41,1.42,1.93,0.32,1.33,36.4
8,15,8.01,1.37,1.83,0.55,1.34,33.01
8,16,6.54,1.83,2.77,0.43,1.37,23.07
8,17,10.07,1.37,1.9,0.08,1.42,51.66
8,18,6.44,2.05,1.74,0.71,1.5,22.83
8,19,5.98,1.44,2.54,0.08,1.6,18.93
8,20,4.61,2.15,1.61,3.42,1.68,12.93
8,21,5.78,1.24,2.85,0.14,1.7,17.47
8,22,4.96,2.15,2.3,0.21,1.67,14.64
8,23,5.47,2.28,2.98,0.21,1.62,17.57
8,24,6.08,2.08,2.18,0.34,1.59,20.67
8,25,5.17,1.49,2.49,1.25,1.59,14.47
8,26,4.05,-0.16,2.95,0.05,1.63,8.2
8,27,3.84,1.6,1.98,0.1,1.69,8.66
8,28,3.59,2.03,2.92,0.28,1.72,8.49
8,29,1.59,1.65,2.23,0.81,1.71,2.63
8,30,3.28,1.37,2.56,0.08,1.66,6.31
8,31,7.05,1.44,2.18,1.62,1.59,25.87
8,32,2.77,0.38,3.32,0.37,1.54,3.9
8,33,3.64,1.64,2.76,0.27,1.54,7.95
8,34,4.76,1.29,2.8,0.28,1.59,12.17
8,35,2.15,1.31,2.87,0.14,1.65,3.18
8,36,2.61,0.92,2.83,0.21,1.69,3.84
8,37,3.23,0.58,6.83,0.14,1.69,5.37
8,38,6.24,1.04,2.66,0.21,1.64,19.99
8,39,2.1,1.62,2.15,0.38,1.58,3.52
8,40,4.3,1.29,2.64,0.3,1.54,10.09
8,41,4.25,1.04,2.82,0.26,1.54,9.57
8,42,6.03,1.55,2.22,0.37,1.58,19.39
8,43,4.2,2.4,2.57,0.28,1.64,11.7
8,44,5.52,1.67,1.94,0.22,1.68,16.65
8,45,3.94,1.69,2.02,0.21,1.67,9.2
8,46,3.28,1.55,1.9,0.27,1.63,6.57
8,47,4.5,1.67,3.07,0.43,1.56,11.54
8,48,5.27,2.01,2.47,0.37,1.51,15.91
8,49,5.27,1.03,2.7,0.19,1.51,14.41
8,50,5.12,0.76,2.2,0.1,1.55,13.38
8,51,3.43,0.81,2.21,0.13,1.61,6.22
8,52,1.95,0.92,2.44,0.14,1.66,2.32
8,53,1.44,0.86,2.42,0.78,1.67,1.4
8,54,2.2,0.95,2.45,0.13,1.64,2.88
8,55,2.82,0.95,2.38,0.2,1.6,4.43
8,56,1.44,0.88,2.73,0.3,1.58,1.42
8,57,3.79,1.29,2.8,0.04,1.59,8.02
8,58,3.28,1.22,2.59,0.5,1.65,6.12
8,59,3.02,0.61,2.7,0.46,1.72,4.76
8,60,3.53,1.76,2.71,0.19,1.77,7.8
8,61,0.46,1.24,3.67,0.14,1.78,0.88
8,62,-0.21,1.58,3.17,0.68,1.74,1.27
8,63,1.74,2.44,2.88,0.29,1.68,4.49
8,64,4.56,2.94,2.72,0.35,1.64,14.69
8,65,2.82,2.99,2.55,0.41,1.64,8.44
8,66,4.45,3.1,2.04,0.5,1.68,14.71
8,67,1.28,2.69,2.49,0.19,1.75,4.43
8,68,1.23,2.87,2.59,0.22,1.79,4.86
8,69,2,3.69,3.06,0.19,1.8,8.82
8,70,0.67,2.76,2.79,0.13,1.77,4.03
8,71,2.92,2.47,1.99,0.08,1.71,7.33
8,72,1.33,2.85,2.24,0.17,1.68,4.94
8,73,2.25,3.62,2.29,0.49,1.69,9.11
8,74,1.64,3.61,2.24,0.4,1.73,7.85
8,75,1.44,3.08,2.89,0.32,1.8,5.77
8,76,1.59,3.54,1.9,1.54,1.84,7.51
8,77,1.13,2.81,3.01,0.24,1.84,4.59
8,78,1.85,2.81,1.87,0.29,1.8,5.66
8,79,3.02,2.78,2.58,0.11,1.74,8.42
8,80,2.41,2.87,3,0.2,1.7,7.01
9,1,11.57,6.63,2.29,0.28,1,88.88
9,2,9.33,8.66,2.24,0.64,1.03,81.02
9,3,7.88,8.32,2.38,0.38,1.05,65.6
9,4,9.33,8.11,2.78,0.35,1.08,76.4
9,5,10.88,11.83,2.18,0.42,1.09,129.13
9,6,9.86,6.61,2.32,0.47,1.06,70.47
9,7,8.36,7.62,2.43,0.49,1.02,63.96
9,8,9.27,7.8,2.46,0.39,0.99,73.44
9,9,9.33,7.91,2.2,0.99,1,74.75
9,10,6.15,7.35,2.89,0.29,1.05,45.88
9,11,10.56,7.68,2.37,0.39,1.11,85.2
9,12,7.77,8.05,2.43,0.86,1.16,62.58
9,13,5.61,8.07,2.72,0.46,1.16,48.29
9,14,8.52,7.97,2.84,0.31,1.12,68.06
9,15,8.2,8.4,2.57,0.38,1.06,68.88
9,16,8.63,8.07,2.76,0.54,1.02,69.8
9,17,9.11,7.99,2.4,0.26,1.02,73.43
9,18,9.11,7.3,2.45,0.21,1.06,68.19
9,19,8.84,8.15,2.57,0.37,1.13,72.35
9,20,6.42,6.61,4.41,0.39,1.19,42.45
9,21,8.74,7.14,3.03,0.36,1.19,63.63
9,22,8.79,7.6,2.24,0.48,1.16,67.48
9,23,8.95,7.91,2.44,0.39,1.1,71.32
9,24,9.17,8.17,2.02,0.34,1.06,75.41
9,25,10.34,7.72,2.03,0.96,1.08,83.29
9,26,10.77,7.74,2.22,0.47,1.14,87.95
9,27,10.93,8.38,1.43,0.65,1.22,94.82
9,28,9.59,7.7,1.83,0.56,1.27,75.67
9,29,9.33,7.62,1.8,0.36,1.27,72.5
9,30,9.91,7.41,2.18,0.45,1.23,76.6
9,31,8.79,6.99,2.28,0.29,1.17,63.06
9,32,7.98,6.67,3.72,0.75,1.13,54.14
9,33,9.65,6.42,2.67,0.34,1.13,67.14
9,34,4.14,4.81,2.63,0.49,1.17,20.13
9,35,3.32,4.81,2.27,1.58,1.23,17.08
9,36,1.85,2.94,2.32,1.14,1.3,6.05
9,37,2.45,3.47,2.86,0.49,1.31,9.04
9,38,3.43,3.36,2.35,0.19,1.29,11.54
9,39,1.91,3.43,2.78,0.46,1.25,7.7
9,40,2.78,3.56,2.96,0.45,1.24,10.2
9,41,1.74,3.98,5.47,0.43,1.25,9.43
9,42,5.12,2.72,3.74,0.24,1.29,16.8
9,43,3,3.96,3.13,0.64,1.35,12.32
9,44,3.22,3.69,3.01,0.72,1.4,11.99
9,45,0.38,3.12,3.31,0.37,1.4,4.94
9,46,5.61,4.22,3.16,0.35,1.35,24.61
9,47,3,4.2,2.87,0.2,1.29,13.3
9,48,5.12,4.89,3.07,0.21,1.25,25.07
9,49,7.01,5.13,2.44,0.39,1.25,37.76
9,50,3.6,4.17,2.42,0.24,1.29,15.18
9,51,0.65,2.63,2.76,0.27,1.35,3.68
9,52,1.96,4,2.56,0.2,1.41,9.92
9,53,2.34,3.82,2.84,0.4,1.42,10.06
9,54,1.74,3.96,2.44,0.43,1.4,9.35
9,55,4.03,5.35,3.15,0.31,1.36,22.43
9,56,1.69,4.11,2.9,0.32,1.34,9.87
9,57,4.19,4.2,2.69,0.42,1.34,17.6
9,58,3.27,4.33,2.2,0.41,1.38,14.71
9,59,1.64,3.3,3.1,0.45,1.46,6.77
9,60,0.82,3.05,2.59,0.53,1.51,4.99
9,61,2.13,4.02,2.36,0.47,1.52,10.35
9,62,2.29,4.17,1.87,0.53,1.48,11.34
9,63,0.49,4.13,3.31,0.43,1.43,8.65
9,64,2.89,4.28,4.21,0.35,1.39,13.35
9,65,2.78,5.91,2.96,0.3,1.38,21.32
9,66,2.02,4.66,2.79,0.44,1.42,12.87
9,67,2.62,4.72,2.51,0.32,1.48,14.56
9,68,0.55,3.6,2.98,0.32,1.51,6.64
9,69,0.49,4.5,2.31,0.19,1.51,10.26
9,70,1.15,4.28,2.59,0.58,1.47,9.83
9,71,2.45,4.98,2.61,0.31,1.41,15.42
9,72,2.45,4.98,2.52,0.38,1.37,15.42
9,73,3.54,5.31,2.15,0.39,1.37,20.35
9,74,3.38,6.06,2.69,0.4,1.42,24.06
9,75,2.67,5.63,2.3,1.21,1.48,19.41
9,76,4.19,5.78,1.61,0.86,1.53,25.5
9,77,1.96,4.68,1.93,0.53,1.54,12.86
9,78,2.34,5.28,1.82,0.71,1.49,16.71
9,79,2.29,5.35,2.25,0.62,1.44,16.93
9,80,3.71,5.82,2.33,0.06,1.39,23.81
